{
  "events": [
    { "id": 1, "name": "Открытие фестиваля", "time": "10:00-11:00", "location": "Главная сцена", "duration": 60 },
    { "id": 2, "name": "Мастер-класс по живописи", "time": "11:00-12:30", "location": "Павильон А", "duration": 90 },
    { "id": 3, "name": "Концерт джаз-банда", "time": "11:30-13:00", "location": "Главная сцена", "duration": 90 },
    { "id": 4, "name": "Лекция о современном искусстве", "time": "12:00-13:00", "location": "Конференц-зал", "duration": 60 },
    { "id": 5, "name": "Фуд-корт: дегустация", "time": "13:00-14:00", "location": "Фуд-корт", "duration": 60 },
    { "id": 6, "name": "Выставка скульптур", "time": "13:30-15:00", "location": "Павильон Б", "duration": 90 },
    { "id": 7, "name": "Интерактивный спектакль", "time": "14:00-15:30", "location": "Главная сцена", "duration": 90 },
    { "id": 8, "name": "Воркшоп по фотографии", "time": "15:00-16:30", "location": "Павильон А", "duration": 90 },
    { "id": 9, "name": "Акустический концерт", "time": "16:00-17:00", "location": "Малая сцена", "duration": 60 },
    { "id": 10, "name": "Закрытие фестиваля", "time": "17:30-18:30", "location": "Главная сцена", "duration": 60 }
  ],
  "schedules": [],
  "customEvents": []
}